{"cameraMode":{"drawMode":0,"name":"Shaded","section":"Shading Mode"},"sceneLighting":true,"audioPlay":false,"sceneViewState":{"m_AlwaysRefresh":false,"showFog":true,"showSkybox":true,"showFlares":true,"showImageEffects":true,"showParticleSystems":true,"showVisualEffectGraphs":true,"m_FxEnabled":false},"in2DMode":false,"pivot":{"x":-11.857417106628418,"y":-5.275701522827148,"z":1.6796798706054688},"rotation":{"x":0.010057945735752583,"y":0.9601991772651672,"z":-0.2769511342048645,"w":0.03487146645784378},"size":18.587020874023439,"orthographic":false}